GKGRECORDID,V2.1DATE,V2SOURCECOLLECTIONIDENTIFIER,V2SOURCECOMMONNAME,V2DOCUMENTIDENTIFIER,V1COUNTS,CountType,Count,ObjectType,V2.1COUNTS,V1THEMES,V2ENHANCEDTHEMES,V1LOCATIONS,LocationType,Location FullName,LocationCountryCode,V2ENHANCEDLOCATIONS,V1PERSONS,V2ENHANCEDPERSONS,V1ORGANIZATIONS,V2ENHANCEDORGANIZATIONS,V1.5TONE,V2.1ENHANCEDDATES,Day,Month,Year,V2GCAM,V2.1SHARINGIMAGE,V2.1RELATEDIMAGES,V2.1SOCIALIMAGEEMBEDS,V2.1SOCIALVIDEOEMBEDS,V2.1QUOTATIONS,QuoteLength,QuoteVerb,Quote,V2.1ALLNAMES,V2.1AMOUNTS,Amount,Object,V2.1TRANSLATIONINFO,SourceLanguageCode,TranslationEngine,V2EXTRASXML,Authors,Title,BookTitle,Date,Journal
,,Web,BBC Monitoring,,,Affect,,,,Affect,,,Country,,Afghanistan,,,,,,-10,,1,1,2013,,,,,,,,,Seach for words in Quote,,,,,,Afar,,,,,,,
,,Citation Only,Domain Name,,,Arrest,,,,Arrest,,,US State,,Akrotiri Sovereign Base Area,,,,,,-9,,2,2,2014,,,,,,,,,,,,,,,Austro-Asiatic languages,,,,,,,
,,Core,,,,Displaced,,,,Displaced,,,US City,,Albania,,,,,,-8,,2,2,2015,,,,,,,,,,,,,,,Abkhazian,,,,,,,
,,Defense Technical Information Center,,,,Evacuation,,,,Evacuation,,,World City International,,Algeria,,,,,,-7,,4,4,2016,,,,,,,,,,,,,,,Achinese,,,,,,,
,,Journal Storage,,,,Kidnap,,,,Kidnap,,,World Region,,American Samoa,,,,,,-6,,5,5,,,,,,,,,,,,,,,,Acoli,,,,,,,
,,Non Textual Source,,,,Kill,,,,Kill,,,,,Andorra,,,,,,-5,,6,6,,,,,,,,,,,,,,,,Adangme,,,,,,,
,,,,,,Protest,,,,Protest,,,,,Angola,,,,,,-4,,7,7,,,,,,,,,,,,,,,,Adyghe,,,,,,,
,,,,,,Refugees,,,,Refugees,,,,,Anguilla,,,,,,-3,,8,8,,,,,,,,,,,,,,,,Afro-Asiatic languages,,,,,,,
,,,,,,Seize,,,,Seize,,,,,Antarctica,,,,,,-2,,9,9,,,,,,,,,,,,,,,,Afrihili,,,,,,,
,,,,,,Sickened,,,,Sickened,,,,,Antigua and Barbuda,,,,,,-1,,10,10,,,,,,,,,,,,,,,,Afrikaans,,,,,,,
,,,,,,Wound,,,,Wound,,,,,Argentina,,,,,,0,,11,11,,,,,,,,,,,,,,,,Ainu (Japan),,,,,,,
,,,,,,,,,,Taxonomy Drug Cartels,,,,,Armenia,,,,,,1,,12,12,,,,,,,,,,,,,,,,Akan,,,,,,,
,,,,,,,,,,Taxonomy Infectiuos Disease,,,,,Aruba,,,,,,2,,13,,,,,,,,,,,,,,,,,Akkadian,,,,,,,
,,,,,,,,,,Taxonomy Ethnicity,,,,,Ashmore and Cartier Islands,,,,,,3,,14,,,,,,,,,,,,,,,,,Albanian,,,,,,,
,,,,,,,,,,Taxonomy Functional Actor,,,,,Australia,,,,,,4,,15,,,,,,,,,,,,,,,,,Aleut,,,,,,,
,,,,,,,,,,Taxonomy Food Staples,,,,,Austria,,,,,,5,,16,,,,,,,,,,,,,,,,,Algonquian languages,,,,,,,
,,,,,,,,,,Taxonomy Military Title,,,,,Azerbaijan,,,,,,6,,17,,,,,,,,,,,,,,,,,Southern Altai,,,,,,,
,,,,,,,,,,Taxonomy Political Party,,,,,"Bahamas, The",,,,,,7,,18,,,,,,,,,,,,,,,,,Atlantic-Congo languages,,,,,,,
,,,,,,,,,,Taxonomy Religion,,,,,Bahrain,,,,,,8,,19,,,,,,,,,,,,,,,,,Amharic,,,,,,,
,,,,,,,,,,Taxonomy Special Issues,,,,,Baker Island,,,,,,9,,20,,,,,,,,,,,,,,,,,Old English (c. 450_1100),,,,,,,
,,,,,,,,,,Taxonomy Special Death,,,,,Bangladesh,,,,,,10,,21,,,,,,,,,,,,,,,,,Angika,,,,,,,
,,,,,,,,,,Taxonomy Terror Group,,,,,Barbados,,,,,,,,22,,,,,,,,,,,,,,,,,Apache languages,,,,,,,
,,,,,,,,,,Taxonomy Weapons,,,,,Bassas da India,,,,,,,,23,,,,,,,,,,,,,,,,,Alacalufan languages,,,,,,,
,,,,,,,,,,Action Force Posture,,,,,Belarus,,,,,,,,24,,,,,,,,,,,,,,,,,Algic languages,,,,,,,
,,,,,,,,,,Action Harm or Threaten,,,,,Belgium,,,,,,,,25,,,,,,,,,,,,,,,,,Arabic,,,,,,,
,,,,,,,,,,Action Make Statement,,,,,Belize,,,,,,,,26,,,,,,,,,,,,,,,,,Official Aramaic (700_300 BCE),,,,,,,
,,,,,,,,,,Action Yield,,,,,Benin,,,,,,,,27,,,,,,,,,,,,,,,,,Aragonese,,,,,,,
,,,,,,,,,,Agriculture,,,,,Bermuda,,,,,,,,28,,,,,,,,,,,,,,,,,Armenian,,,,,,,
,,,,,,,,,,Alliance,,,,,Bhutan,,,,,,,,29,,,,,,,,,,,,,,,,,Mapudungun,,,,,,,
,,,,,,,,,,Appointment,,,,,Bolivia,,,,,,,,30,,,,,,,,,,,,,,,,,Arapaho,,,,,,,
,,,,,,,,,,Armedconflict,,,,,Bosnia-Herzegovina,,,,,,,,31,,,,,,,,,,,,,,,,,Artificial languages,,,,,,,
,,,,,,,,,,Assassination,,,,,Botswana,,,,,,,,,,,,,,,,,,,,,,,,,Arawak,,,,,,,
,,,,,,,,,,Austerity,,,,,Bouvet Island,,,,,,,,,,,,,,,,,,,,,,,,,Assamese,,,,,,,
,,,,,,,,,,Aviation Incident,,,,,Brazil,,,,,,,,,,,,,,,,,,,,,,,,,Asturian,,,,,,,
,,,,,,,,,,Ban,,,,,British Indian Ocean Territory,,,,,,,,,,,,,,,,,,,,,,,,,Athapascan languages,,,,,,,
,,,,,,,,,,Black Market,,,,,British Virgin Islands,,,,,,,,,,,,,,,,,,,,,,,,,Arauan languages,,,,,,,
,,,,,,,,,,Blockade,,,,,Brunei,,,,,,,,,,,,,,,,,,,,,,,,,Australian languages,,,,,,,
,,,,,,,,,,Border,,,,,Bulgaria,,,,,,,,,,,,,,,,,,,,,,,,,Avaric,,,,,,,
,,,,,,,,,,Bullying,,,,,Burkina Faso,,,,,,,,,,,,,,,,,,,,,,,,,Avestan,,,,,,,
,,,,,,,,,,Ceasefire,,,,,Burundi,,,,,,,,,,,,,,,,,,,,,,,,,Awadhi,,,,,,,
,,,,,,,,,,Charasmatic Leadership,,,,,Cambodia,,,,,,,,,,,,,,,,,,,,,,,,,Arawakan languages,,,,,,,
,,,,,,,,,,Checkpoint,,,,,Cameroon,,,,,,,,,,,,,,,,,,,,,,,,,Aymara,,,,,,,
,,,,,,,,,,Claim Credit,,,,,Canada,,,,,,,,,,,,,,,,,,,,,,,,,Uto-Aztecan languages,,,,,,,
,,,,,,,,,,Closure,,,,,Cape Verde,,,,,,,,,,,,,,,,,,,,,,,,,Azerbaijani,,,,,,,
,,,,,,,,,,Confiscation,,,,,Cayman Islands,,,,,,,,,,,,,,,,,,,,,,,,,Banda languages,,,,,,,
,,,,,,,,,,Constitutional,,,,,Central African Republic,,,,,,,,,,,,,,,,,,,,,,,,,Bamileke languages,,,,,,,
,,,,,,,,,,Corruption,,,,,Chad,,,,,,,,,,,,,,,,,,,,,,,,,Bashkir,,,,,,,
,,,,,,,,,,Crime Cartels,,,,,Chile,,,,,,,,,,,,,,,,,,,,,,,,,Baluchi,,,,,,,
,,,,,,,,,,Crime Common Robbery,,,,,China,,,,,,,,,,,,,,,,,,,,,,,,,Bambara,,,,,,,
,,,,,,,,,,Crime Illegal Drugs,,,,,Christmas Island,,,,,,,,,,,,,,,,,,,,,,,,,Balinese,,,,,,,
,,,,,,,,,,Curfew,,,,,Clipperton Island,,,,,,,,,,,,,,,,,,,,,,,,,Basque,,,,,,,
,,,,,,,,,,Cyber Attack,,,,,Cocos Keeling Islands,,,,,,,,,,,,,,,,,,,,,,,,,Basa (Cameroon),,,,,,,
,,,,,,,,,,Death Penalty,,,,,Colombia,,,,,,,,,,,,,,,,,,,,,,,,,Baltic languages,,,,,,,
,,,,,,,,,,Defection,,,,,Comoros,,,,,,,,,,,,,,,,,,,,,,,,,Beja,,,,,,,
,,,,,,,,,,Delay,,,,,Congo,,,,,,,,,,,,,,,,,,,,,,,,,Belarusian,,,,,,,
,,,,,,,,,,Democracy,,,,,Cook Islands,,,,,,,,,,,,,,,,,,,,,,,,,Bemba (Zambia),,,,,,,
,,,,,,,,,,Disability,,,,,Coral Sea Islands,,,,,,,,,,,,,,,,,,,,,,,,,Bengali,,,,,,,
,,,,,,,,,,Discrimination,,,,,Costa Rica,,,,,,,,,,,,,,,,,,,,,,,,,Berber languages,,,,,,,
,,,,,,,,,,Drone,,,,,Cote dIvoire,,,,,,,,,,,,,,,,,,,,,,,,,Bhojpuri,,,,,,,
,,,,,,,,,,Drug Trade,,,,,Croatia,,,,,,,,,,,,,,,,,,,,,,,,,Bihari languages,,,,,,,
,,,,,,,,,,Economic Bankruptcy,,,,,Cuba,,,,,,,,,,,,,,,,,,,,,,,,,Bikol,,,,,,,
,,,,,,,,,,Economic Boycott,,,,,Cyprus,,,,,,,,,,,,,,,,,,,,,,,,,Bini,,,,,,,
,,,,,,,,,,Economic Cost Of Living,,,,,Czech Republic,,,,,,,,,,,,,,,,,,,,,,,,,Bislama,,,,,,,
,,,,,,,,,,Economic Currency Exchange Rate,,,,,Czechoslovakia,,,,,,,,,,,,,,,,,,,,,,,,,Siksika,,,,,,,
,,,,,,,,,,Economic Currency Reserves,,,,,Democratic Republic of the Congo,,,,,,,,,,,,,,,,,,,,,,,,,Bantu languages,,,,,,,
,,,,,,,,,,Economic Cutoutlook,,,,,Denmark,,,,,,,,,,,,,,,,,,,,,,,,,Tibetan,,,,,,,
,,,,,,,,,,Economic Debt,,,,,Dhekelia Sovereign Base Area,,,,,,,,,,,,,,,,,,,,,,,,,Bosnian,,,,,,,
,,,,,,,,,,Economic Deregulation,,,,,Djibouti,,,,,,,,,,,,,,,,,,,,,,,,,Braj,,,,,,,
,,,,,,,,,,Economic Earningsreport,,,,,Dominica,,,,,,,,,,,,,,,,,,,,,,,,,Breton,,,,,,,
,,,,,,,,,,Economic Entrepreneurship,,,,,Dominican Republic,,,,,,,,,,,,,,,,,,,,,,,,,Batak languages,,,,,,,
,,,,,,,,,,Economic Foreigninvest,,,,,East Timor,,,,,,,,,,,,,,,,,,,,,,,,,Buriat,,,,,,,
,,,,,,,,,,Economic Freetrade,,,,,Ecuador,,,,,,,,,,,,,,,,,,,,,,,,,Buginese,,,,,,,
,,,,,,,,,,Economic Housing Prices,,,,,Egypt,,,,,,,,,,,,,,,,,,,,,,,,,Bulgarian,,,,,,,
,,,,,,,,,,Economic Informal Economy,,,,,El Salvador,,,,,,,,,,,,,,,,,,,,,,,,,Burmese,,,,,,,
,,,,,,,,,,Economic Interest Rates,,,,,Equatorial Guinea,,,,,,,,,,,,,,,,,,,,,,,,,Bilin,,,,,,,
,,,,,,,,,,Economic Ipo,,,,,Equatorial Guinea,,,,,,,,,,,,,,,,,,,,,,,,,Caddo,,,,,,,
,,,,,,,,,,Economic Monopoly,,,,,Eritrea,,,,,,,,,,,,,,,,,,,,,,,,,Central American Indian languages,,,,,,,
,,,,,,,,,,Economic Mou,,,,,Estonia,,,,,,,,,,,,,,,,,,,,,,,,,Galibi Carib,,,,,,,
,,,,,,,,,,Economic Nationalize,,,,,Ethiopia,,,,,,,,,,,,,,,,,,,,,,,,,Catalan,,,,,,,
,,,,,,,,,,Economic Pricecontrol,,,,,"Etorofu, Habomai, Kunashiri and Shikotan Islands",,,,,,,,,,,,,,,,,,,,,,,,,Caucasian languages,,,,,,,
,,,,,,,,,,Economic Remittance,,,,,Europa Island,,,,,,,,,,,,,,,,,,,,,,,,,Chibchan languages,,,,,,,
,,,,,,,,,,Economic Stockmarket,,,,,Falkland Islands Islas Malvinas,,,,,,,,,,,,,,,,,,,,,,,,,North Caucasian languages,,,,,,,
,,,,,,,,,,Economic Subsidies,,,,,Faroe Islands,,,,,,,,,,,,,,,,,,,,,,,,,South Caucasian languages,,,,,,,
,,,,,,,,,,Economic Taxation,,,,,Fiji,,,,,,,,,,,,,,,,,,,,,,,,,Chadic languages,,,,,,,
,,,,,,,,,,Economic Trade Dispute,,,,,Finland,,,,,,,,,,,,,,,,,,,,,,,,,Caddoan languages,,,,,,,
,,,,,,,,,,Economic Unions,,,,,France,,,,,,,,,,,,,,,,,,,,,,,,,Cebuano,,,,,,,
,,,,,,,,,,Education,,,,,French Guiana,,,,,,,,,,,,,,,,,,,,,,,,,Celtic languages,,,,,,,
,,,,,,,,,,Election,,,,,French Polynesia,,,,,,,,,,,,,,,,,,,,,,,,,Czech,,,,,,,
,,,,,,,,,,Election Fraud,,,,,French Southern and Antarctic Lands,,,,,,,,,,,,,,,,,,,,,,,,,Chamorro,,,,,,,
,,,,,,,,,,Enviroment Biofuel,,,,,Gabon,,,,,,,,,,,,,,,,,,,,,,,,,Chibcha,,,,,,,
,,,,,,,,,,Enviroment Carboncapture,,,,,Gambia,,,,,,,,,,,,,,,,,,,,,,,,,Chechen,,,,,,,
,,,,,,,,,,Enviroment Climatechange,,,,,Gaza Strip,,,,,,,,,,,,,,,,,,,,,,,,,Chagatai,,,,,,,
,,,,,,,,,,Enviroment Coal,,,,,Georgia,,,,,,,,,,,,,,,,,,,,,,,,,Chinese,,,,,,,
,,,,,,,,,,Enviroment Deforestation,,,,,Germany,,,,,,,,,,,,,,,,,,,,,,,,,Chuukese,,,,,,,
,,,,,,,,,,Enviroment Fishery,,,,,Ghana,,,,,,,,,,,,,,,,,,,,,,,,,Mari (Russia),,,,,,,
,,,,,,,,,,Enviroment Forestry,,,,,Gibraltar,,,,,,,,,,,,,,,,,,,,,,,,,Chinook jargon,,,,,,,
,,,,,,,,,,Enviroment Geothermal,,,,,Glorioso Islands,,,,,,,,,,,,,,,,,,,,,,,,,Choctaw,,,,,,,
,,,,,,,,,,Enviroment Green,,,,,Greece,,,,,,,,,,,,,,,,,,,,,,,,,Chipewyan,,,,,,,
,,,,,,,,,,Enviroment Hydro,,,,,Greenland,,,,,,,,,,,,,,,,,,,,,,,,,Cherokee,,,,,,,
,,,,,,,,,,Enviroment Metals,,,,,Grenada,,,,,,,,,,,,,,,,,,,,,,,,,Church Slavic,,,,,,,
,,,,,,,,,,Enviroment Mining,,,,,Guadeloupe,,,,,,,,,,,,,,,,,,,,,,,,,Chuvash,,,,,,,
,,,,,,,,,,Enviroment Naturalgas,,,,,Guam,,,,,,,,,,,,,,,,,,,,,,,,,Cheyenne,,,,,,,
,,,,,,,,,,Enviroment Nuclearpower,,,,,Guatemala,,,,,,,,,,,,,,,,,,,,,,,,,Chamic languages,,,,,,,
,,,,,,,,,,Enviroment Oil,,,,,Guernsey,,,,,,,,,,,,,,,,,,,,,,,,,Coptic,,,,,,,
,,,,,,,,,,Enviroment Overfish,,,,,Guinea-Bissau,,,,,,,,,,,,,,,,,,,,,,,,,Cornish,,,,,,,
,,,,,,,,,,Enviroment Poaching,,,,,Guyana,,,,,,,,,,,,,,,,,,,,,,,,,Corsican,,,,,,,
,,,,,,,,,,Enviroment Solar,,,,,Haiti,,,,,,,,,,,,,,,,,,,,,,,,,English based Creoles and pidgins,,,,,,,
,,,,,,,,,,Enviroment Speciesendangered,,,,,Heard Island and McDonald Islands,,,,,,,,,,,,,,,,,,,,,,,,,French-Based Creoles and pidgins,,,,,,,
,,,,,,,,,,Enviroment Speciesextinct,,,,,Honduras,,,,,,,,,,,,,,,,,,,,,,,,,Portuguese-Based Creoles and pidgins,,,,,,,
,,,,,,,,,,Enviroment Waterways,,,,,Hong Kong,,,,,,,,,,,,,,,,,,,,,,,,,Cree,,,,,,,
,,,,,,,,,,Enviroment Windpower,,,,,Howland Island,,,,,,,,,,,,,,,,,,,,,,,,,Crimean Tatar,,,,,,,
,,,,,,,,,,Ethnic Indiginous,,,,,Hungary,,,,,,,,,,,,,,,,,,,,,,,,,Creoles and pidgins,,,,,,,
,,,,,,,,,,Exhumation,,,,,Iceland,,,,,,,,,,,,,,,,,,,,,,,,,Kashubian,,,,,,,
,,,,,,,,,,Exile,,,,,India,,,,,,,,,,,,,,,,,,,,,,,,,Central Sudanic languages,,,,,,,
,,,,,,,,,,Extremism,,,,,Indonesia,,,,,,,,,,,,,,,,,,,,,,,,,Cushitic languages,,,,,,,
,,,,,,,,,,Firearm Ownership,,,,,Iran,,,,,,,,,,,,,,,,,,,,,,,,,Welsh,,,,,,,
,,,,,,,,,,Food Security,,,,,Iraq,,,,,,,,,,,,,,,,,,,,,,,,,Czech,,,,,,,
,,,,,,,,,,Food Staple,,,,,Ireland,,,,,,,,,,,,,,,,,,,,,,,,,Dakota,,,,,,,
,,,,,,,,,,Free Speech,,,,,Isle of Man,,,,,,,,,,,,,,,,,,,,,,,,,Danish,,,,,,,
,,,,,,,,,,Fuelprices,,,,,Israel,,,,,,,,,,,,,,,,,,,,,,,,,Dargwa,,,,,,,
,,,,,,,,,,General Holiday,,,,,Italy,,,,,,,,,,,,,,,,,,,,,,,,,Land Dayak languages,,,,,,,
,,,,,,,,,,Gender Violence,,,,,Jamaica,,,,,,,,,,,,,,,,,,,,,,,,,Delaware,,,,,,,
,,,,,,,,,,General Government,,,,,Jan Mayen,,,,,,,,,,,,,,,,,,,,,,,,,Slave (Athapascan),,,,,,,
,,,,,,,,,,General Health,,,,,Japan,,,,,,,,,,,,,,,,,,,,,,,,,German,,,,,,,
,,,,,,,,,,Gentrification,,,,,Jarvis Island,,,,,,,,,,,,,,,,,,,,,,,,,Dogrib,,,,,,,
,,,,,,,,,,Government Dissolve,,,,,Jersey,,,,,,,,,,,,,,,,,,,,,,,,,Dinka,,,,,,,
,,,,,,,,,,Government Division of Power,,,,,Johnston Atoll,,,,,,,,,,,,,,,,,,,,,,,,,Dhivehi,,,,,,,
,,,,,,,,,,Government Intergovernmental,,,,,Jordan,,,,,,,,,,,,,,,,,,,,,,,,,Mande languages,,,,,,,
,,,,,,,,,,Government Reform,,,,,Juan de Nova Island,,,,,,,,,,,,,,,,,,,,,,,,,Dogri (macrolanguage),,,,,,,
,,,,,,,,,,Government Repatriation,,,,,Kazakhstan,,,,,,,,,,,,,,,,,,,,,,,,,Dravidian languages,,,,,,,
,,,,,,,,,,Grievances,,,,,Kenya,,,,,,,,,,,,,,,,,,,,,,,,,Lower Sorbian,,,,,,,
,,,,,,,,,,Harassment,,,,,Kingman Reef,,,,,,,,,,,,,,,,,,,,,,,,,Duala,,,,,,,
,,,,,,,,,,Hate Speech,,,,,Kiribati,,,,,,,,,,,,,,,,,,,,,,,,,Middle Dutch (c. 1050_1350),,,,,,,
,,,,,,,,,,Health Pandemic,,,,,Kosovo,,,,,,,,,,,,,,,,,,,,,,,,,Dutch,,,,,,,
,,,,,,,,,,Health Sextransdisease,,,,,Kuwait,,,,,,,,,,,,,,,,,,,,,,,,,Dyula,,,,,,,
,,,,,,,,,,Health Vaccination,,,,,Kyrgyzstan,,,,,,,,,,,,,,,,,,,,,,,,,Dzongkha,,,,,,,
,,,,,,,,,,Human Trafficking,,,,,Laos,,,,,,,,,,,,,,,,,,,,,,,,,Efik,,,,,,,
,,,,,,,,,,Ideology,,,,,Latvia,,,,,,,,,,,,,,,,,,,,,,,,,Egyptian languages,,,,,,,
,,,,,,,,,,Immigration,,,,,Lebanon,,,,,,,,,,,,,,,,,,,,,,,,,Egyptian (Ancient),,,,,,,
,,,,,,,,,,Impeachment,,,,,Lesotho,,,,,,,,,,,,,,,,,,,,,,,,,Ekajuk,,,,,,,
,,,,,,,,,,Info Hoax,,,,,Liberia,,,,,,,,,,,,,,,,,,,,,,,,,Elamite,,,,,,,
,,,,,,,,,,Info Rumor,,,,,Libya,,,,,,,,,,,,,,,,,,,,,,,,,English,,,,,,,
,,,,,,,,,,Infrastructure Bad Roads,,,,,Liechtenstein,,,,,,,,,,,,,,,,,,,,,,,,,Middle English (1100-1500),,,,,,,
,,,,,,,,,,Insurgency,,,,,Lithuania,,,,,,,,,,,,,,,,,,,,,,,,,Esperanto,,,,,,,
,,,,,,,,,,Internet Blackout,,,,,Luxembourg,,,,,,,,,,,,,,,,,,,,,,,,,Estonian,,,,,,,
,,,,,,,,,,Internet Censorship,,,,,Macau,,,,,,,,,,,,,,,,,,,,,,,,,Eskimo-Aleut languages,,,,,,,
,,,,,,,,,,Jihad,,,,,Macedonia,,,,,,,,,,,,,,,,,,,,,,,,,Basque (family),,,,,,,
,,,,,,,,,,Landmine,,,,,Madagascar,,,,,,,,,,,,,,,,,,,,,,,,,Basque,,,,,,,
,,,,,,,,,,Leader,,,,,Malawi,,,,,,,,,,,,,,,,,,,,,,,,,Ewe,,,,,,,
,,,,,,,,,,Legalize,,,,,Malaysia,,,,,,,,,,,,,,,,,,,,,,,,,Ewondo,,,,,,,
,,,,,,,,,,Legislation,,,,,Maldives,,,,,,,,,,,,,,,,,,,,,,,,,Fang (Equatorial Guinea),,,,,,,
,,,,,,,,,,Lgbt,,,,,Mali,,,,,,,,,,,,,,,,,,,,,,,,,Faroese,,,,,,,
,,,,,,,,,,Literacy,,,,,Malta,,,,,,,,,,,,,,,,,,,,,,,,,Persian,,,,,,,
,,,,,,,,,,Locusts,,,,,Marshall Islands,,,,,,,,,,,,,,,,,,,,,,,,,Fanti,,,,,,,
,,,,,,,,,,Manmade Disaster,,,,,Martinique,,,,,,,,,,,,,,,,,,,,,,,,,Fijian,,,,,,,
,,,,,,,,,,Manmade Disaster Implied,,,,,Mauritania,,,,,,,,,,,,,,,,,,,,,,,,,Filipino,,,,,,,
,,,,,,,,,,Maritime,,,,,Mauritius,,,,,,,,,,,,,,,,,,,,,,,,,Finnish,,,,,,,
,,,,,,,,,,Maritime Incident,,,,,Mayotte,,,,,,,,,,,,,,,,,,,,,,,,,Finno-Ugrian languages,,,,,,,
,,,,,,,,,,Maritime Incident Implied,,,,,Mexico,,,,,,,,,,,,,,,,,,,,,,,,,Fon,,,,,,,
,,,,,,,,,,Maritime Incident Self Identified,,,,,Micronesia,,,,,,,,,,,,,,,,,,,,,,,,,Formosan languages,,,,,,,
,,,,,,,,,,Maritime Piracy,,,,,Midway Islands,,,,,,,,,,,,,,,,,,,,,,,,,French,,,,,,,
,,,,,,,,,,Media Censorship,,,,,Moldova,,,,,,,,,,,,,,,,,,,,,,,,,French,,,,,,,
,,,,,,,,,,Media Msm,,,,,Monaco,,,,,,,,,,,,,,,,,,,,,,,,,Middle French (c. 1400_1600),,,,,,,
,,,,,,,,,,Media Social,,,,,Mongolia,,,,,,,,,,,,,,,,,,,,,,,,,Old French (842_c. 1400),,,,,,,
,,,,,,,,,,Medical,,,,,Montenegro,,,,,,,,,,,,,,,,,,,,,,,,,Northern Frisian,,,,,,,
,,,,,,,,,,Medical Security,,,,,Montserrat,,,,,,,,,,,,,,,,,,,,,,,,,Eastern Frisian,,,,,,,
,,,,,,,,,,Mil Self Identified Arms Deal,,,,,Morocco,,,,,,,,,,,,,,,,,,,,,,,,,Western Frisian,,,,,,,
,,,,,,,,,,Mil Weapons Proliferation,,,,,Mozambique,,,,,,,,,,,,,,,,,,,,,,,,,Fulah,,,,,,,
,,,,,,,,,,Military,,,,,Myanmar,,,,,,,,,,,,,,,,,,,,,,,,,Friulian,,,,,,,
,,,,,,,,,,Military Cooperation,,,,,Namibia,,,,,,,,,,,,,,,,,,,,,,,,,Ga,,,,,,,
,,,,,,,,,,Movement Environmental,,,,,Nauru,,,,,,,,,,,,,,,,,,,,,,,,,Gayo,,,,,,,
,,,,,,,,,,Movement General,,,,,Navassa Island,,,,,,,,,,,,,,,,,,,,,,,,,Gbaya (Central African Republic),,,,,,,
,,,,,,,,,,Movement Other,,,,,Nepal,,,,,,,,,,,,,,,,,,,,,,,,,Germanic languages,,,,,,,
,,,,,,,,,,Movement Social,,,,,Netherlands,,,,,,,,,,,,,,,,,,,,,,,,,Georgian,,,,,,,
,,,,,,,,,,Movement Womens,,,,,Netherlands Antilles,,,,,,,,,,,,,,,,,,,,,,,,,German,,,,,,,
,,,,,,,,,,Natural Disaster,,,,,New Caledonia,,,,,,,,,,,,,,,,,,,,,,,,,Ge'ez,,,,,,,
,,,,,,,,,,Negotiations,,,,,New Zealand,,,,,,,,,,,,,,,,,,,,,,,,,Gilbertese,,,,,,,
,,,,,,,,,,New Construction,,,,,Nicaragua,,,,,,,,,,,,,,,,,,,,,,,,,Scottish Gaelic,,,,,,,
,,,,,,,,,,Organized Crime,,,,,Niger,,,,,,,,,,,,,,,,,,,,,,,,,Irish,,,,,,,
,,,,,,,,,,Peacekeeping,,,,,Nigeria,,,,,,,,,,,,,,,,,,,,,,,,,Galician,,,,,,,
,,,,,,,,,,Persecution,,,,,Niue,,,,,,,,,,,,,,,,,,,,,,,,,Manx,,,,,,,
,,,,,,,,,,Phone Outage,,,,,No Mans Land,,,,,,,,,,,,,,,,,,,,,,,,,East Germanic languages,,,,,,,
,,,,,,,,,,Pipeline Incident,,,,,Norfolk Island,,,,,,,,,,,,,,,,,,,,,,,,,Middle High German (c. 1050_1500),,,,,,,
,,,,,,,,,,Piracy,,,,,North Korea,,,,,,,,,,,,,,,,,,,,,,,,,North Germanic languages,,,,,,,
,,,,,,,,,,Pol Hostvisit,,,,,Northern Mariana Islands,,,,,,,,,,,,,,,,,,,,,,,,,West Germanic languages,,,,,,,
,,,,,,,,,,Political Prisoner,,,,,Norway,,,,,,,,,,,,,,,,,,,,,,,,,Old High German (c. 750_1050),,,,,,,
,,,,,,,,,,Political Turmoil,,,,,Oceans,,,,,,,,,,,,,,,,,,,,,,,,,Gondi,,,,,,,
,,,,,,,,,,Population Density,,,,,Oman,,,,,,,,,,,,,,,,,,,,,,,,,Gorontalo,,,,,,,
,,,,,,,,,,Poverty,,,,,Pakistan,,,,,,,,,,,,,,,,,,,,,,,,,Gothic,,,,,,,
,,,,,,,,,,Power Outage,,,,,Palau,,,,,,,,,,,,,,,,,,,,,,,,,Grebo,,,,,,,
,,,,,,,,,,Privatization,,,,,Palmyra Atoll,,,,,,,,,,,,,,,,,,,,,,,,,Ancient Greek (to 1453),,,,,,,
,,,,,,,,,,Propaganda,,,,,Panama,,,,,,,,,,,,,,,,,,,,,,,,,Modern Greek (1453-),,,,,,,
,,,,,,,,,,Property Rights,,,,,Papua New Guinea,,,,,,,,,,,,,,,,,,,,,,,,,Greek languages,,,,,,,
,,,,,,,,,,Public Transport,,,,,Paracel Islands,,,,,,,,,,,,,,,,,,,,,,,,,Guarani,,,,,,,
,,,,,,,,,,Rail Incident,,,,,Paraguay,,,,,,,,,,,,,,,,,,,,,,,,,Swiss German,,,,,,,
,,,,,,,,,,Rape,,,,,Peru,,,,,,,,,,,,,,,,,,,,,,,,,Gujarati,,,,,,,
,,,,,,,,,,Ratify,,,,,Philippines,,,,,,,,,,,,,,,,,,,,,,,,,Gwich_in,,,,,,,
,,,,,,,,,,Rebellion,,,,,Pitcairn Islands,,,,,,,,,,,,,,,,,,,,,,,,,Haida,,,,,,,
,,,,,,,,,,Rebels,,,,,Poland,,,,,,,,,,,,,,,,,,,,,,,,,Haitian,,,,,,,
,,,,,,,,,,Recruitment,,,,,Portugal,,,,,,,,,,,,,,,,,,,,,,,,,Hausa,,,,,,,
,,,,,,,,,,Religion Anti-semitism,,,,,Puerto Rico,,,,,,,,,,,,,,,,,,,,,,,,,Hawaiian,,,,,,,
,,,,,,,,,,Relations,,,,,Qatar,,,,,,,,,,,,,,,,,,,,,,,,,Hebrew,,,,,,,
,,,,,,,,,,Releas Hostage,,,,,Reunion,,,,,,,,,,,,,,,,,,,,,,,,,Herero,,,,,,,
,,,,,,,,,,Release Prison,,,,,Romania,,,,,,,,,,,,,,,,,,,,,,,,,Hiligaynon,,,,,,,
,,,,,,,,,,Religion,,,,,Russia,,,,,,,,,,,,,,,,,,,,,,,,,Himachali languages,,,,,,,
,,,,,,,,,,Resignation,,,,,Rwanda,,,,,,,,,,,,,,,,,,,,,,,,,Hindi,,,,,,,
,,,,,,,,,,Retaliate,,,,,Saint Helena,,,,,,,,,,,,,,,,,,,,,,,,,Hittite,,,,,,,
,,,,,,,,,,Retirement,,,,,Saint Kitts and Nevis,,,,,,,,,,,,,,,,,,,,,,,,,Hmong,,,,,,,
,,,,,,,,,,Retirements,,,,,Saint Lucia,,,,,,,,,,,,,,,,,,,,,,,,,Hiri Motu,,,,,,,
,,,,,,,,,,Road Incident,,,,,Saint Martin,,,,,,,,,,,,,,,,,,,,,,,,,Hmong-Mien languages,,,,,,,
,,,,,,,,,,Rural,,,,,Saint Pierre and Miquelon,,,,,,,,,,,,,,,,,,,,,,,,,Hokan languages,,,,,,,
,,,,,,,,,,Sanctions,,,,,Saint Vincent and the Grenadines,,,,,,,,,,,,,,,,,,,,,,,,,Croatian,,,,,,,
,,,,,,,,,,Sanitation,,,,,Saint-Barthelemy Island,,,,,,,,,,,,,,,,,,,,,,,,,Upper Sorbian,,,,,,,
,,,,,,,,,,Scandal,,,,,Samoa,,,,,,,,,,,,,,,,,,,,,,,,,Hungarian,,,,,,,
,,,,,,,,,,Science,,,,,San Marino,,,,,,,,,,,,,,,,,,,,,,,,,Hupa,,,,,,,
,,,,,,,,,,Security Services,,,,,Sao Tome and Principe,,,,,,,,,,,,,,,,,,,,,,,,,Armenian,,,,,,,
,,,,,,,,,,Seige,,,,,Saudi Arabia,,,,,,,,,,,,,,,,,,,,,,,,,Armenian (family),,,,,,,
,,,,,,,,,,Self Identified Atrocity,,,,,Senegal,,,,,,,,,,,,,,,,,,,,,,,,,Iban,,,,,,,
,,,,,,,,,,Self Identified Environ Disaster,,,,,Serbia,,,,,,,,,,,,,,,,,,,,,,,,,Igbo,,,,,,,
,,,,,,,,,,Self Identified Human Rights,,,,,Seychelles,,,,,,,,,,,,,,,,,,,,,,,,,Icelandic,,,,,,,
,,,,,,,,,,Self Identified Humanitarian Crisis,,,,,Sierra Leone,,,,,,,,,,,,,,,,,,,,,,,,,Ido,,,,,,,
,,,,,,,,,,Separatists,,,,,Singapore,,,,,,,,,,,,,,,,,,,,,,,,,Sichuan Yi,,,,,,,
,,,,,,,,,,Shortage,,,,,Slovenia,,,,,,,,,,,,,,,,,,,,,,,,,Indo-Iranian languages,,,,,,,
,,,,,,,,,,Self Identified Capacity Building,,,,,Solomon Islands,,,,,,,,,,,,,,,,,,,,,,,,,Ijo languages,,,,,,,
,,,,,,,,,,Self Identified Civil Liberties,,,,,Somalia,,,,,,,,,,,,,,,,,,,,,,,,,Inuktitut,,,,,,,
,,,,,,,,,,Self Identified Dictatorship,,,,,South Africa,,,,,,,,,,,,,,,,,,,,,,,,,Interlingue,,,,,,,
,,,,,,,,,,Self Identified Economic Development,,,,,South Georgia and the South Sandwich Islands,,,,,,,,,,,,,,,,,,,,,,,,,Iloko,,,,,,,
,,,,,,,,,,Self Identified Economic Power,,,,,South Korea,,,,,,,,,,,,,,,,,,,,,,,,,Interlingua (International Auxiliary Language Association),,,,,,,
,,,,,,,,,,Self Identified Military Buildup,,,,,South Sudan,,,,,,,,,,,,,,,,,,,,,,,,,Indic languages,,,,,,,
,,,,,,,,,,Self Identified Military Readiness,,,,,Spain,,,,,,,,,,,,,,,,,,,,,,,,,Indonesian,,,,,,,
,,,,,,,,,,Self Identified Military Spending,,,,,Spratly Islands,,,,,,,,,,,,,,,,,,,,,,,,,Indo-European languages,,,,,,,
,,,,,,,,,,Self Identified Mineral Resources,,,,,Sri Lanka,,,,,,,,,,,,,,,,,,,,,,,,,Ingush,,,,,,,
,,,,,,,,,,Self Identified Natural Resources,,,,,Sudan,,,,,,,,,,,,,,,,,,,,,,,,,Inupiaq,,,,,,,
,,,,,,,,,,Self Identified Peace Building,,,,,Suriname,,,,,,,,,,,,,,,,,,,,,,,,,Iranian languages,,,,,,,
,,,,,,,,,,Self Identified Political Boundaries,,,,,Svalbard,,,,,,,,,,,,,,,,,,,,,,,,,Iroquoian languages,,,,,,,
,,,,,,,,,,Self Identified Rule Of Law,,,,,Swaziland,,,,,,,,,,,,,,,,,,,,,,,,,Icelandic,,,,,,,
,,,,,,,,,,Slums,,,,,Sweden,,,,,,,,,,,,,,,,,,,,,,,,,Italian,,,,,,,
,,,,,,,,,,Smuggling,,,,,Switzerland,,,,,,,,,,,,,,,,,,,,,,,,,Italic languages,,,,,,,
,,,,,,,,,,Diplomatic cooperation,,,,,Syria,,,,,,,,,,,,,,,,,,,,,,,,,Javanese,,,,,,,
,,,,,,,,,,Economic cooperation,,,,,Taiwan,,,,,,,,,,,,,,,,,,,,,,,,,Lojban,,,,,,,
,,,,,,,,,,Expressing Regret,,,,,Tajikistan,,,,,,,,,,,,,,,,,,,,,,,,,Japanese,,,,,,,
,,,,,,,,,,Eexpress Support,,,,,Tanzania,,,,,,,,,,,,,,,,,,,,,,,,,Judeo-Persian,,,,,,,
,,,,,,,,,,Forced Relocation,,,,,Thailand,,,,,,,,,,,,,,,,,,,,,,,,,Japanese (family),,,,,,,
,,,,,,,,,,General Crime,,,,,Togo,,,,,,,,,,,,,,,,,,,,,,,,,Judeo-Arabic,,,,,,,
,,,,,,,,,,Intelligence Sharing,,,,,Tokelau,,,,,,,,,,,,,,,,,,,,,,,,,Kara-Kalpak,,,,,,,
,,,,,,,,,,Judicial Cooperation,,,,,Tonga,,,,,,,,,,,,,,,,,,,,,,,,,Kabyle,,,,,,,
,,,,,,,,,,Forced migration,,,,,Trinidad and Tobago,,,,,,,,,,,,,,,,,,,,,,,,,Kachin,,,,,,,
,,,,,,,,,,Relating to Pardoning,,,,,Tromelin Island,,,,,,,,,,,,,,,,,,,,,,,,,Kalaallisut,,,,,,,
,,,,,,,,,,Relating to suicide,,,,,Tunisia,,,,,,,,,,,,,,,,,,,,,,,,,Kamba (Kenya),,,,,,,
,,,,,,,,,,Suspicious Activities,,,,,Turkey,,,,,,,,,,,,,,,,,,,,,,,,,Kannada,,,,,,,
,,,,,,,,,,Suspicious People,,,,,Turkmenistan,,,,,,,,,,,,,,,,,,,,,,,,,Karen languages,,,,,,,
,,,,,,,,,,Traffic Accident,,,,,Turks and Caicos Islands,,,,,,,,,,,,,,,,,,,,,,,,,Kashmiri,,,,,,,
,,,,,,,,,,Sovereignty,,,,,Tuvalu,,,,,,,,,,,,,,,,,,,,,,,,,Georgian,,,,,,,
,,,,,,,,,,State Of Emergency,,,,,Uganda,,,,,,,,,,,,,,,,,,,,,,,,,Kanuri,,,,,,,
,,,,,,,,,,Strike,,,,,Ukraine,,,,,,,,,,,,,,,,,,,,,,,,,Kawi,,,,,,,
,,,,,,,,,,Suicide Attack,,,,,Undersea Features,,,,,,,,,,,,,,,,,,,,,,,,,Kazakh,,,,,,,
,,,,,,,,,,Surveillance,,,,,Undesignated Sovereignty,,,,,,,,,,,,,,,,,,,,,,,,,Kabardian,,,,,,,
,,,,,,,,,,Take Office,,,,,United Arab Emirates,,,,,,,,,,,,,,,,,,,,,,,,,Kordofanian languages,,,,,,,
,,,,,,,,,,Terror,,,,,United Kingdom,,,,,,,,,,,,,,,,,,,,,,,,,Khasi,,,,,,,
,,,,,,,,,,Torture,,,,,United States,,,,,,,,,,,,,,,,,,,,,,,,,Khoisan languages,,,,,,,
,,,,,,,,,,Tourism,,,,,Uruguay,,,,,,,,,,,,,,,,,,,,,,,,,Central Khmer,,,,,,,
,,,,,,,,,,Traffic,,,,,Uzbekistan,,,,,,,,,,,,,,,,,,,,,,,,,Khotanese,,,,,,,
,,,,,,,,,,Transparency,,,,,Vanuatu,,,,,,,,,,,,,,,,,,,,,,,,,Kikuyu,,,,,,,
,,,,,,,,,,Treason,,,,,Vatican City,,,,,,,,,,,,,,,,,,,,,,,,,Kinyarwanda,,,,,,,
,,,,,,,,,,Trial,,,,,Venezuela,,,,,,,,,,,,,,,,,,,,,,,,,Kirghiz,,,,,,,
,,,,,,,,,,Unemployment,,,,,"Vietnam, Democratic Republic of",,,,,,,,,,,,,,,,,,,,,,,,,Kimbundu,,,,,,,
,,,,,,,,,,Ungoverned,,,,,Virgin Islands,,,,,,,,,,,,,,,,,,,,,,,,,Konkani (macrolanguage),,,,,,,
,,,,,,,,,,Unrest Checkpoint,,,,,Wake Island,,,,,,,,,,,,,,,,,,,,,,,,,Komi,,,,,,,
,,,,,,,,,,Unrest Closingborder,,,,,Wallis and Futuna,,,,,,,,,,,,,,,,,,,,,,,,,Kongo,,,,,,,
,,,,,,,,,,Unrest Hunger Strikes,,,,,West Bank,,,,,,,,,,,,,,,,,,,,,,,,,Korean,,,,,,,
,,,,,,,,,,UnrestMolotov Cocktails,,,,,Western Sahara,,,,,,,,,,,,,,,,,,,,,,,,,Kosraean,,,,,,,
,,,,,,,,,,Unrest Police Brutality,,,,,Yemen,,,,,,,,,,,,,,,,,,,,,,,,,Kpelle,,,,,,,
,,,,,,,,,,Unrest Stone Throwing,,,,,Zambia,,,,,,,,,,,,,,,,,,,,,,,,,Karachay-Balkar,,,,,,,
,,,,,,,,,,Unrest Stoning,,,,,Zimbabwe,,,,,,,,,,,,,,,,,,,,,,,,,Karelian,,,,,,,
,,,,,,,,,,Unsafe Work Environment,,,,,,,,,,,,,,,,,,,,,,,,,,,,,,Kru languages,,,,,,,
,,,,,,,,,,Urban,,,,,,,,,,,,,,,,,,,,,,,,,,,,,,Kurukh,,,,,,,
,,,,,,,,,,Urban Sprawl,,,,,,,,,,,,,,,,,,,,,,,,,,,,,,Kuanyama,,,,,,,
,,,,,,,,,,Vandalize,,,,,,,,,,,,,,,,,,,,,,,,,,,,,,Kumyk,,,,,,,
,,,,,,,,,,Veto,,,,,,,,,,,,,,,,,,,,,,,,,,,,,,Kurdish,,,,,,,
,,,,,,,,,,Violent Unrest,,,,,,,,,,,,,,,,,,,,,,,,,,,,,,Kutenai,,,,,,,
,,,,,,,,,,Water Security,,,,,,,,,,,,,,,,,,,,,,,,,,,,,,Ladino,,,,,,,
,,,,,,,,,,Whistleblower,,,,,,,,,,,,,,,,,,,,,,,,,,,,,,Lahnda,,,,,,,
,,,,,,,,,,Weapons of Mass Distruction,,,,,,,,,,,,,,,,,,,,,,,,,,,,,,Lamba,,,,,,,
,,,,,,,,,,,,,,,,,,,,,,,,,,,,,,,,,,,,,,,,Lao,,,,,,,
,,,,,,,,,,,,,,,,,,,,,,,,,,,,,,,,,,,,,,,,Latin,,,,,,,
,,,,,,,,,,,,,,,,,,,,,,,,,,,,,,,,,,,,,,,,Latvian,,,,,,,
,,,,,,,,,,,,,,,,,,,,,,,,,,,,,,,,,,,,,,,,Lezghian,,,,,,,
,,,,,,,,,,,,,,,,,,,,,,,,,,,,,,,,,,,,,,,,Limburgan,,,,,,,
,,,,,,,,,,,,,,,,,,,,,,,,,,,,,,,,,,,,,,,,Lingala,,,,,,,
,,,,,,,,,,,,,,,,,,,,,,,,,,,,,,,,,,,,,,,,Lithuanian,,,,,,,
,,,,,,,,,,,,,,,,,,,,,,,,,,,,,,,,,,,,,,,,Mongo,,,,,,,
,,,,,,,,,,,,,,,,,,,,,,,,,,,,,,,,,,,,,,,,Lozi,,,,,,,
,,,,,,,,,,,,,,,,,,,,,,,,,,,,,,,,,,,,,,,,Luxembourgish,,,,,,,
,,,,,,,,,,,,,,,,,,,,,,,,,,,,,,,,,,,,,,,,Luba-Lulua,,,,,,,
,,,,,,,,,,,,,,,,,,,,,,,,,,,,,,,,,,,,,,,,Luba-Katanga,,,,,,,
,,,,,,,,,,,,,,,,,,,,,,,,,,,,,,,,,,,,,,,,Ganda,,,,,,,
,,,,,,,,,,,,,,,,,,,,,,,,,,,,,,,,,,,,,,,,Luiseno,,,,,,,
,,,,,,,,,,,,,,,,,,,,,,,,,,,,,,,,,,,,,,,,Lunda,,,,,,,
,,,,,,,,,,,,,,,,,,,,,,,,,,,,,,,,,,,,,,,,Luo (Kenya and Tanzania),,,,,,,
,,,,,,,,,,,,,,,,,,,,,,,,,,,,,,,,,,,,,,,,Lushai,,,,,,,
,,,,,,,,,,,,,,,,,,,,,,,,,,,,,,,,,,,,,,,,Macedonian,,,,,,,
,,,,,,,,,,,,,,,,,,,,,,,,,,,,,,,,,,,,,,,,Madurese,,,,,,,
,,,,,,,,,,,,,,,,,,,,,,,,,,,,,,,,,,,,,,,,Magahi,,,,,,,
,,,,,,,,,,,,,,,,,,,,,,,,,,,,,,,,,,,,,,,,Marshallese,,,,,,,
,,,,,,,,,,,,,,,,,,,,,,,,,,,,,,,,,,,,,,,,Maithili,,,,,,,
,,,,,,,,,,,,,,,,,,,,,,,,,,,,,,,,,,,,,,,,Makasar,,,,,,,
,,,,,,,,,,,,,,,,,,,,,,,,,,,,,,,,,,,,,,,,Malayalam,,,,,,,
,,,,,,,,,,,,,,,,,,,,,,,,,,,,,,,,,,,,,,,,Mandingo,,,,,,,
,,,,,,,,,,,,,,,,,,,,,,,,,,,,,,,,,,,,,,,,Maori,,,,,,,
,,,,,,,,,,,,,,,,,,,,,,,,,,,,,,,,,,,,,,,,Austronesian languages,,,,,,,
,,,,,,,,,,,,,,,,,,,,,,,,,,,,,,,,,,,,,,,,Marathi,,,,,,,
,,,,,,,,,,,,,,,,,,,,,,,,,,,,,,,,,,,,,,,,Masai,,,,,,,
,,,,,,,,,,,,,,,,,,,,,,,,,,,,,,,,,,,,,,,,Malay (macrolanguage),,,,,,,
,,,,,,,,,,,,,,,,,,,,,,,,,,,,,,,,,,,,,,,,Moksha,,,,,,,
,,,,,,,,,,,,,,,,,,,,,,,,,,,,,,,,,,,,,,,,Mandar,,,,,,,
,,,,,,,,,,,,,,,,,,,,,,,,,,,,,,,,,,,,,,,,Mende (Sierra Leone),,,,,,,
,,,,,,,,,,,,,,,,,,,,,,,,,,,,,,,,,,,,,,,,Middle Irish (900-1200),,,,,,,
,,,,,,,,,,,,,,,,,,,,,,,,,,,,,,,,,,,,,,,,Mi'kmaq,,,,,,,
,,,,,,,,,,,,,,,,,,,,,,,,,,,,,,,,,,,,,,,,Minangkabau,,,,,,,
,,,,,,,,,,,,,,,,,,,,,,,,,,,,,,,,,,,,,,,,Uncoded languages,,,,,,,
,,,,,,,,,,,,,,,,,,,,,,,,,,,,,,,,,,,,,,,,Macedonian,,,,,,,
,,,,,,,,,,,,,,,,,,,,,,,,,,,,,,,,,,,,,,,,Mon-Khmer languages,,,,,,,
,,,,,,,,,,,,,,,,,,,,,,,,,,,,,,,,,,,,,,,,Malagasy,,,,,,,
,,,,,,,,,,,,,,,,,,,,,,,,,,,,,,,,,,,,,,,,Maltese,,,,,,,
,,,,,,,,,,,,,,,,,,,,,,,,,,,,,,,,,,,,,,,,Manchu,,,,,,,
,,,,,,,,,,,,,,,,,,,,,,,,,,,,,,,,,,,,,,,,Meitei,,,,,,,
,,,,,,,,,,,,,,,,,,,,,,,,,,,,,,,,,,,,,,,,Manobo languages,,,,,,,
,,,,,,,,,,,,,,,,,,,,,,,,,,,,,,,,,,,,,,,,Mohawk,,,,,,,
,,,,,,,,,,,,,,,,,,,,,,,,,,,,,,,,,,,,,,,,Mongolian,,,,,,,
,,,,,,,,,,,,,,,,,,,,,,,,,,,,,,,,,,,,,,,,Mossi,,,,,,,
,,,,,,,,,,,,,,,,,,,,,,,,,,,,,,,,,,,,,,,,Maori,,,,,,,
,,,,,,,,,,,,,,,,,,,,,,,,,,,,,,,,,,,,,,,,Malay (macrolanguage),,,,,,,
,,,,,,,,,,,,,,,,,,,,,,,,,,,,,,,,,,,,,,,,Multiple languages,,,,,,,
,,,,,,,,,,,,,,,,,,,,,,,,,,,,,,,,,,,,,,,,Munda languages,,,,,,,
,,,,,,,,,,,,,,,,,,,,,,,,,,,,,,,,,,,,,,,,Creek,,,,,,,
,,,,,,,,,,,,,,,,,,,,,,,,,,,,,,,,,,,,,,,,Mirandese,,,,,,,
,,,,,,,,,,,,,,,,,,,,,,,,,,,,,,,,,,,,,,,,Marwari,,,,,,,
,,,,,,,,,,,,,,,,,,,,,,,,,,,,,,,,,,,,,,,,Burmese,,,,,,,
,,,,,,,,,,,,,,,,,,,,,,,,,,,,,,,,,,,,,,,,Mayan languages,,,,,,,
,,,,,,,,,,,,,,,,,,,,,,,,,,,,,,,,,,,,,,,,Erzya,,,,,,,
,,,,,,,,,,,,,,,,,,,,,,,,,,,,,,,,,,,,,,,,Nahuatl languages,,,,,,,
,,,,,,,,,,,,,,,,,,,,,,,,,,,,,,,,,,,,,,,,North American Indian,,,,,,,
,,,,,,,,,,,,,,,,,,,,,,,,,,,,,,,,,,,,,,,,Neapolitan,,,,,,,
,,,,,,,,,,,,,,,,,,,,,,,,,,,,,,,,,,,,,,,,Nauru,,,,,,,
,,,,,,,,,,,,,,,,,,,,,,,,,,,,,,,,,,,,,,,,Navajo,,,,,,,
,,,,,,,,,,,,,,,,,,,,,,,,,,,,,,,,,,,,,,,,South Ndebele,,,,,,,
,,,,,,,,,,,,,,,,,,,,,,,,,,,,,,,,,,,,,,,,North Ndebele,,,,,,,
,,,,,,,,,,,,,,,,,,,,,,,,,,,,,,,,,,,,,,,,Ndonga,,,,,,,
,,,,,,,,,,,,,,,,,,,,,,,,,,,,,,,,,,,,,,,,Low German,,,,,,,
,,,,,,,,,,,,,,,,,,,,,,,,,,,,,,,,,,,,,,,,Nepali (macrolanguage),,,,,,,
,,,,,,,,,,,,,,,,,,,,,,,,,,,,,,,,,,,,,,,,Nepal Bhasa,,,,,,,
,,,,,,,,,,,,,,,,,,,,,,,,,,,,,,,,,,,,,,,,Trans-New Guinea languages,,,,,,,
,,,,,,,,,,,,,,,,,,,,,,,,,,,,,,,,,,,,,,,,Nias,,,,,,,
,,,,,,,,,,,,,,,,,,,,,,,,,,,,,,,,,,,,,,,,Niger-Kordofanian languages,,,,,,,
,,,,,,,,,,,,,,,,,,,,,,,,,,,,,,,,,,,,,,,,Niuean,,,,,,,
,,,,,,,,,,,,,,,,,,,,,,,,,,,,,,,,,,,,,,,,Dutch,,,,,,,
,,,,,,,,,,,,,,,,,,,,,,,,,,,,,,,,,,,,,,,,Norwegian Nynorsk,,,,,,,
,,,,,,,,,,,,,,,,,,,,,,,,,,,,,,,,,,,,,,,,Norwegian BokmŒl,,,,,,,
,,,,,,,,,,,,,,,,,,,,,,,,,,,,,,,,,,,,,,,,Nogai,,,,,,,
,,,,,,,,,,,,,,,,,,,,,,,,,,,,,,,,,,,,,,,,Old Norse,,,,,,,
,,,,,,,,,,,,,,,,,,,,,,,,,,,,,,,,,,,,,,,,Norwegian,,,,,,,
,,,,,,,,,,,,,,,,,,,,,,,,,,,,,,,,,,,,,,,,N'Ko,,,,,,,
,,,,,,,,,,,,,,,,,,,,,,,,,,,,,,,,,,,,,,,,Pedi,,,,,,,
,,,,,,,,,,,,,,,,,,,,,,,,,,,,,,,,,,,,,,,,Nubian languages,,,,,,,
,,,,,,,,,,,,,,,,,,,,,,,,,,,,,,,,,,,,,,,,Classical Newari,,,,,,,
,,,,,,,,,,,,,,,,,,,,,,,,,,,,,,,,,,,,,,,,Nyanja,,,,,,,
,,,,,,,,,,,,,,,,,,,,,,,,,,,,,,,,,,,,,,,,Nyamwezi,,,,,,,
,,,,,,,,,,,,,,,,,,,,,,,,,,,,,,,,,,,,,,,,Nyankole,,,,,,,
,,,,,,,,,,,,,,,,,,,,,,,,,,,,,,,,,,,,,,,,Nyoro,,,,,,,
,,,,,,,,,,,,,,,,,,,,,,,,,,,,,,,,,,,,,,,,Nzima,,,,,,,
,,,,,,,,,,,,,,,,,,,,,,,,,,,,,,,,,,,,,,,,Occitan (post 1500),,,,,,,
,,,,,,,,,,,,,,,,,,,,,,,,,,,,,,,,,,,,,,,,Ojibwa,,,,,,,
,,,,,,,,,,,,,,,,,,,,,,,,,,,,,,,,,,,,,,,,Oto-Manguean languages,,,,,,,
,,,,,,,,,,,,,,,,,,,,,,,,,,,,,,,,,,,,,,,,Omotic languages,,,,,,,
,,,,,,,,,,,,,,,,,,,,,,,,,,,,,,,,,,,,,,,,Odiya (macrolanguage),,,,,,,
,,,,,,,,,,,,,,,,,,,,,,,,,,,,,,,,,,,,,,,,Oromo,,,,,,,
,,,,,,,,,,,,,,,,,,,,,,,,,,,,,,,,,,,,,,,,Osage,,,,,,,
,,,,,,,,,,,,,,,,,,,,,,,,,,,,,,,,,,,,,,,,Ossetian,,,,,,,
,,,,,,,,,,,,,,,,,,,,,,,,,,,,,,,,,,,,,,,,Ottoman Turkish (1500-1928),,,,,,,
,,,,,,,,,,,,,,,,,,,,,,,,,,,,,,,,,,,,,,,,Otomian languages,,,,,,,
,,,,,,,,,,,,,,,,,,,,,,,,,,,,,,,,,,,,,,,,Papuan languages,,,,,,,
,,,,,,,,,,,,,,,,,,,,,,,,,,,,,,,,,,,,,,,,Pangasinan,,,,,,,
,,,,,,,,,,,,,,,,,,,,,,,,,,,,,,,,,,,,,,,,Pahlavi,,,,,,,
,,,,,,,,,,,,,,,,,,,,,,,,,,,,,,,,,,,,,,,,Pampanga,,,,,,,
,,,,,,,,,,,,,,,,,,,,,,,,,,,,,,,,,,,,,,,,Panjabi,,,,,,,
,,,,,,,,,,,,,,,,,,,,,,,,,,,,,,,,,,,,,,,,Papiamento,,,,,,,
,,,,,,,,,,,,,,,,,,,,,,,,,,,,,,,,,,,,,,,,Palauan,,,,,,,
,,,,,,,,,,,,,,,,,,,,,,,,,,,,,,,,,,,,,,,,Old Persian (c. 600_400 B.C.),,,,,,,
,,,,,,,,,,,,,,,,,,,,,,,,,,,,,,,,,,,,,,,,Persian,,,,,,,
,,,,,,,,,,,,,,,,,,,,,,,,,,,,,,,,,,,,,,,,Philippine languages,,,,,,,
,,,,,,,,,,,,,,,,,,,,,,,,,,,,,,,,,,,,,,,,Phoenician,,,,,,,
,,,,,,,,,,,,,,,,,,,,,,,,,,,,,,,,,,,,,,,,Central Malayo-Polynesian languages,,,,,,,
,,,,,,,,,,,,,,,,,,,,,,,,,,,,,,,,,,,,,,,,Pali,,,,,,,
,,,,,,,,,,,,,,,,,,,,,,,,,,,,,,,,,,,,,,,,Polish,,,,,,,
,,,,,,,,,,,,,,,,,,,,,,,,,,,,,,,,,,,,,,,,Pohnpeian,,,,,,,
,,,,,,,,,,,,,,,,,,,,,,,,,,,,,,,,,,,,,,,,Portuguese,,,,,,,
,,,,,,,,,,,,,,,,,,,,,,,,,,,,,,,,,,,,,,,,Malayo-Polynesian languages,,,,,,,
,,,,,,,,,,,,,,,,,,,,,,,,,,,,,,,,,,,,,,,,Eastern Malayo-Polynesian languages,,,,,,,
,,,,,,,,,,,,,,,,,,,,,,,,,,,,,,,,,,,,,,,,Western Malayo-Polynesian languages,,,,,,,
,,,,,,,,,,,,,,,,,,,,,,,,,,,,,,,,,,,,,,,,Prakrit languages,,,,,,,
,,,,,,,,,,,,,,,,,,,,,,,,,,,,,,,,,,,,,,,,Old Provençal (to 1500),,,,,,,
,,,,,,,,,,,,,,,,,,,,,,,,,,,,,,,,,,,,,,,,Pushto,,,,,,,
,,,,,,,,,,,,,,,,,,,,,,,,,,,,,,,,,,,,,,,,Reserved for local use,,,,,,,
,,,,,,,,,,,,,,,,,,,,,,,,,,,,,,,,,,,,,,,,Quechua,,,,,,,
,,,,,,,,,,,,,,,,,,,,,,,,,,,,,,,,,,,,,,,,Quechuan (family),,,,,,,
,,,,,,,,,,,,,,,,,,,,,,,,,,,,,,,,,,,,,,,,Rajasthani,,,,,,,
,,,,,,,,,,,,,,,,,,,,,,,,,,,,,,,,,,,,,,,,Rapanui,,,,,,,
,,,,,,,,,,,,,,,,,,,,,,,,,,,,,,,,,,,,,,,,Rarotongan,,,,,,,
,,,,,,,,,,,,,,,,,,,,,,,,,,,,,,,,,,,,,,,,"Reunionese, Reunion Creole",,,,,,,
,,,,,,,,,,,,,,,,,,,,,,,,,,,,,,,,,,,,,,,,Romance languages,,,,,,,
,,,,,,,,,,,,,,,,,,,,,,,,,,,,,,,,,,,,,,,,Romansh,,,,,,,
,,,,,,,,,,,,,,,,,,,,,,,,,,,,,,,,,,,,,,,,Romany,,,,,,,
,,,,,,,,,,,,,,,,,,,,,,,,,,,,,,,,,,,,,,,,Romanian,,,,,,,
,,,,,,,,,,,,,,,,,,,,,,,,,,,,,,,,,,,,,,,,Rundi,,,,,,,
,,,,,,,,,,,,,,,,,,,,,,,,,,,,,,,,,,,,,,,,Macedo-Romanian,,,,,,,
,,,,,,,,,,,,,,,,,,,,,,,,,,,,,,,,,,,,,,,,Russian,,,,,,,
,,,,,,,,,,,,,,,,,,,,,,,,,,,,,,,,,,,,,,,,Sandawe,,,,,,,
,,,,,,,,,,,,,,,,,,,,,,,,,,,,,,,,,,,,,,,,Sango,,,,,,,
,,,,,,,,,,,,,,,,,,,,,,,,,,,,,,,,,,,,,,,,Yakut,,,,,,,
,,,,,,,,,,,,,,,,,,,,,,,,,,,,,,,,,,,,,,,,South American Indian languages,,,,,,,
,,,,,,,,,,,,,,,,,,,,,,,,,,,,,,,,,,,,,,,,Salishan languages,,,,,,,
,,,,,,,,,,,,,,,,,,,,,,,,,,,,,,,,,,,,,,,,Samaritan Aramaic,,,,,,,
,,,,,,,,,,,,,,,,,,,,,,,,,,,,,,,,,,,,,,,,Sanskrit,,,,,,,
,,,,,,,,,,,,,,,,,,,,,,,,,,,,,,,,,,,,,,,,Sasak,,,,,,,
,,,,,,,,,,,,,,,,,,,,,,,,,,,,,,,,,,,,,,,,Santali,,,,,,,
,,,,,,,,,,,,,,,,,,,,,,,,,,,,,,,,,,,,,,,,Sicilian,,,,,,,
,,,,,,,,,,,,,,,,,,,,,,,,,,,,,,,,,,,,,,,,Scots,,,,,,,
,,,,,,,,,,,,,,,,,,,,,,,,,,,,,,,,,,,,,,,,Eastern Sudanic languages,,,,,,,
,,,,,,,,,,,,,,,,,,,,,,,,,,,,,,,,,,,,,,,,Selkup,,,,,,,
,,,,,,,,,,,,,,,,,,,,,,,,,,,,,,,,,,,,,,,,Semitic languages,,,,,,,
,,,,,,,,,,,,,,,,,,,,,,,,,,,,,,,,,,,,,,,,Old Irish (to 900),,,,,,,
,,,,,,,,,,,,,,,,,,,,,,,,,,,,,,,,,,,,,,,,Sign languages,,,,,,,
,,,,,,,,,,,,,,,,,,,,,,,,,,,,,,,,,,,,,,,,Shan,,,,,,,
,,,,,,,,,,,,,,,,,,,,,,,,,,,,,,,,,,,,,,,,Sidamo,,,,,,,
,,,,,,,,,,,,,,,,,,,,,,,,,,,,,,,,,,,,,,,,Sinhala,,,,,,,
,,,,,,,,,,,,,,,,,,,,,,,,,,,,,,,,,,,,,,,,Siouan languages,,,,,,,
,,,,,,,,,,,,,,,,,,,,,,,,,,,,,,,,,,,,,,,,Sino-Tibetan languages,,,,,,,
,,,,,,,,,,,,,,,,,,,,,,,,,,,,,,,,,,,,,,,,Slavic languages,,,,,,,
,,,,,,,,,,,,,,,,,,,,,,,,,,,,,,,,,,,,,,,,Slovak,,,,,,,
,,,,,,,,,,,,,,,,,,,,,,,,,,,,,,,,,,,,,,,,Slovenian,,,,,,,
,,,,,,,,,,,,,,,,,,,,,,,,,,,,,,,,,,,,,,,,Southern Sami,,,,,,,
,,,,,,,,,,,,,,,,,,,,,,,,,,,,,,,,,,,,,,,,Northern Sami,,,,,,,
,,,,,,,,,,,,,,,,,,,,,,,,,,,,,,,,,,,,,,,,Sami languages,,,,,,,
,,,,,,,,,,,,,,,,,,,,,,,,,,,,,,,,,,,,,,,,Lule Sami,,,,,,,
,,,,,,,,,,,,,,,,,,,,,,,,,,,,,,,,,,,,,,,,Inari Sami,,,,,,,
,,,,,,,,,,,,,,,,,,,,,,,,,,,,,,,,,,,,,,,,Samoan,,,,,,,
,,,,,,,,,,,,,,,,,,,,,,,,,,,,,,,,,,,,,,,,Skolt Sami,,,,,,,
,,,,,,,,,,,,,,,,,,,,,,,,,,,,,,,,,,,,,,,,Shona,,,,,,,
,,,,,,,,,,,,,,,,,,,,,,,,,,,,,,,,,,,,,,,,Sindhi,,,,,,,
,,,,,,,,,,,,,,,,,,,,,,,,,,,,,,,,,,,,,,,,Soninke,,,,,,,
,,,,,,,,,,,,,,,,,,,,,,,,,,,,,,,,,,,,,,,,Sogdian,,,,,,,
,,,,,,,,,,,,,,,,,,,,,,,,,,,,,,,,,,,,,,,,Somali,,,,,,,
,,,,,,,,,,,,,,,,,,,,,,,,,,,,,,,,,,,,,,,,Songhai languages,,,,,,,
,,,,,,,,,,,,,,,,,,,,,,,,,,,,,,,,,,,,,,,,Southern Sotho,,,,,,,
,,,,,,,,,,,,,,,,,,,,,,,,,,,,,,,,,,,,,,,,Spanish,,,,,,,
,,,,,,,,,,,,,,,,,,,,,,,,,,,,,,,,,,,,,,,,Albanian,,,,,,,
,,,,,,,,,,,,,,,,,,,,,,,,,,,,,,,,,,,,,,,,Albanian languages,,,,,,,
,,,,,,,,,,,,,,,,,,,,,,,,,,,,,,,,,,,,,,,,Sardinian,,,,,,,
,,,,,,,,,,,,,,,,,,,,,,,,,,,,,,,,,,,,,,,,Sranan Tongo,,,,,,,
,,,,,,,,,,,,,,,,,,,,,,,,,,,,,,,,,,,,,,,,Serbian,,,,,,,
,,,,,,,,,,,,,,,,,,,,,,,,,,,,,,,,,,,,,,,,Serer,,,,,,,
,,,,,,,,,,,,,,,,,,,,,,,,,,,,,,,,,,,,,,,,Nilo-Saharan languages,,,,,,,
,,,,,,,,,,,,,,,,,,,,,,,,,,,,,,,,,,,,,,,,Swati,,,,,,,
,,,,,,,,,,,,,,,,,,,,,,,,,,,,,,,,,,,,,,,,Sukuma,,,,,,,
,,,,,,,,,,,,,,,,,,,,,,,,,,,,,,,,,,,,,,,,Sundanese,,,,,,,
,,,,,,,,,,,,,,,,,,,,,,,,,,,,,,,,,,,,,,,,Susu,,,,,,,
,,,,,,,,,,,,,,,,,,,,,,,,,,,,,,,,,,,,,,,,Sumerian,,,,,,,
,,,,,,,,,,,,,,,,,,,,,,,,,,,,,,,,,,,,,,,,Swahili (macrolanguage),,,,,,,
,,,,,,,,,,,,,,,,,,,,,,,,,,,,,,,,,,,,,,,,Swedish,,,,,,,
,,,,,,,,,,,,,,,,,,,,,,,,,,,,,,,,,,,,,,,,Classical Syriac,,,,,,,
,,,,,,,,,,,,,,,,,,,,,,,,,,,,,,,,,,,,,,,,Samoyedic languages,,,,,,,
,,,,,,,,,,,,,,,,,,,,,,,,,,,,,,,,,,,,,,,,Syriac,,,,,,,
,,,,,,,,,,,,,,,,,,,,,,,,,,,,,,,,,,,,,,,,Tahitian,,,,,,,
,,,,,,,,,,,,,,,,,,,,,,,,,,,,,,,,,,,,,,,,Tai languages,,,,,,,
,,,,,,,,,,,,,,,,,,,,,,,,,,,,,,,,,,,,,,,,Tamil,,,,,,,
,,,,,,,,,,,,,,,,,,,,,,,,,,,,,,,,,,,,,,,,Tatar,,,,,,,
,,,,,,,,,,,,,,,,,,,,,,,,,,,,,,,,,,,,,,,,Tibeto-Burman languages,,,,,,,
,,,,,,,,,,,,,,,,,,,,,,,,,,,,,,,,,,,,,,,,Telugu,,,,,,,
,,,,,,,,,,,,,,,,,,,,,,,,,,,,,,,,,,,,,,,,Timne,,,,,,,
,,,,,,,,,,,,,,,,,,,,,,,,,,,,,,,,,,,,,,,,Tereno,,,,,,,
,,,,,,,,,,,,,,,,,,,,,,,,,,,,,,,,,,,,,,,,Tetum,,,,,,,
,,,,,,,,,,,,,,,,,,,,,,,,,,,,,,,,,,,,,,,,Tajik,,,,,,,
,,,,,,,,,,,,,,,,,,,,,,,,,,,,,,,,,,,,,,,,Tagalog,,,,,,,
,,,,,,,,,,,,,,,,,,,,,,,,,,,,,,,,,,,,,,,,Thai,,,,,,,
,,,,,,,,,,,,,,,,,,,,,,,,,,,,,,,,,,,,,,,,Tibetan,,,,,,,
,,,,,,,,,,,,,,,,,,,,,,,,,,,,,,,,,,,,,,,,Tigre,,,,,,,
,,,,,,,,,,,,,,,,,,,,,,,,,,,,,,,,,,,,,,,,Tigrinya,,,,,,,
,,,,,,,,,,,,,,,,,,,,,,,,,,,,,,,,,,,,,,,,Tiv,,,,,,,
,,,,,,,,,,,,,,,,,,,,,,,,,,,,,,,,,,,,,,,,Tokelau,,,,,,,
,,,,,,,,,,,,,,,,,,,,,,,,,,,,,,,,,,,,,,,,Klingon,,,,,,,
,,,,,,,,,,,,,,,,,,,,,,,,,,,,,,,,,,,,,,,,Tlingit,,,,,,,
,,,,,,,,,,,,,,,,,,,,,,,,,,,,,,,,,,,,,,,,Tamashek,,,,,,,
,,,,,,,,,,,,,,,,,,,,,,,,,,,,,,,,,,,,,,,,Tonga (Nyasa),,,,,,,
,,,,,,,,,,,,,,,,,,,,,,,,,,,,,,,,,,,,,,,,Tonga (Tonga Islands),,,,,,,
,,,,,,,,,,,,,,,,,,,,,,,,,,,,,,,,,,,,,,,,Tok Pisin,,,,,,,
,,,,,,,,,,,,,,,,,,,,,,,,,,,,,,,,,,,,,,,,Turkic languages,,,,,,,
,,,,,,,,,,,,,,,,,,,,,,,,,,,,,,,,,,,,,,,,Tsimshian,,,,,,,
,,,,,,,,,,,,,,,,,,,,,,,,,,,,,,,,,,,,,,,,Tswana,,,,,,,
,,,,,,,,,,,,,,,,,,,,,,,,,,,,,,,,,,,,,,,,Tsonga,,,,,,,
,,,,,,,,,,,,,,,,,,,,,,,,,,,,,,,,,,,,,,,,Turkmen,,,,,,,
,,,,,,,,,,,,,,,,,,,,,,,,,,,,,,,,,,,,,,,,Tumbuka,,,,,,,
,,,,,,,,,,,,,,,,,,,,,,,,,,,,,,,,,,,,,,,,Tupi languages,,,,,,,
,,,,,,,,,,,,,,,,,,,,,,,,,,,,,,,,,,,,,,,,Turkish,,,,,,,
,,,,,,,,,,,,,,,,,,,,,,,,,,,,,,,,,,,,,,,,Altaic languages,,,,,,,
,,,,,,,,,,,,,,,,,,,,,,,,,,,,,,,,,,,,,,,,Tungus languages,,,,,,,
,,,,,,,,,,,,,,,,,,,,,,,,,,,,,,,,,,,,,,,,Tuvaluan,,,,,,,
,,,,,,,,,,,,,,,,,,,,,,,,,,,,,,,,,,,,,,,,Twi,,,,,,,
,,,,,,,,,,,,,,,,,,,,,,,,,,,,,,,,,,,,,,,,Tuvinian,,,,,,,
,,,,,,,,,,,,,,,,,,,,,,,,,,,,,,,,,,,,,,,,Udmurt,,,,,,,
,,,,,,,,,,,,,,,,,,,,,,,,,,,,,,,,,,,,,,,,Ugaritic,,,,,,,
,,,,,,,,,,,,,,,,,,,,,,,,,,,,,,,,,,,,,,,,Uighur,,,,,,,
,,,,,,,,,,,,,,,,,,,,,,,,,,,,,,,,,,,,,,,,Ukrainian,,,,,,,
,,,,,,,,,,,,,,,,,,,,,,,,,,,,,,,,,,,,,,,,Umbundu,,,,,,,
,,,,,,,,,,,,,,,,,,,,,,,,,,,,,,,,,,,,,,,,Undetermined,,,,,,,
,,,,,,,,,,,,,,,,,,,,,,,,,,,,,,,,,,,,,,,,Urdu,,,,,,,
,,,,,,,,,,,,,,,,,,,,,,,,,,,,,,,,,,,,,,,,Uralic languages,,,,,,,
,,,,,,,,,,,,,,,,,,,,,,,,,,,,,,,,,,,,,,,,Uzbek,,,,,,,
,,,,,,,,,,,,,,,,,,,,,,,,,,,,,,,,,,,,,,,,Vai,,,,,,,
,,,,,,,,,,,,,,,,,,,,,,,,,,,,,,,,,,,,,,,,Venda,,,,,,,
,,,,,,,,,,,,,,,,,,,,,,,,,,,,,,,,,,,,,,,,Vietnamese,,,,,,,
,,,,,,,,,,,,,,,,,,,,,,,,,,,,,,,,,,,,,,,,VolapŸk,,,,,,,
,,,,,,,,,,,,,,,,,,,,,,,,,,,,,,,,,,,,,,,,Votic,,,,,,,
,,,,,,,,,,,,,,,,,,,,,,,,,,,,,,,,,,,,,,,,Wakashan languages,,,,,,,
,,,,,,,,,,,,,,,,,,,,,,,,,,,,,,,,,,,,,,,,Wolaytta,,,,,,,
,,,,,,,,,,,,,,,,,,,,,,,,,,,,,,,,,,,,,,,,Waray (Philippines),,,,,,,
,,,,,,,,,,,,,,,,,,,,,,,,,,,,,,,,,,,,,,,,Washo,,,,,,,
,,,,,,,,,,,,,,,,,,,,,,,,,,,,,,,,,,,,,,,,Welsh,,,,,,,
,,,,,,,,,,,,,,,,,,,,,,,,,,,,,,,,,,,,,,,,Sorbian languages,,,,,,,
,,,,,,,,,,,,,,,,,,,,,,,,,,,,,,,,,,,,,,,,Walloon,,,,,,,
,,,,,,,,,,,,,,,,,,,,,,,,,,,,,,,,,,,,,,,,Wolof,,,,,,,
,,,,,,,,,,,,,,,,,,,,,,,,,,,,,,,,,,,,,,,,Kalmyk,,,,,,,
,,,,,,,,,,,,,,,,,,,,,,,,,,,,,,,,,,,,,,,,Mongolian languages,,,,,,,
,,,,,,,,,,,,,,,,,,,,,,,,,,,,,,,,,,,,,,,,Xhosa,,,,,,,
,,,,,,,,,,,,,,,,,,,,,,,,,,,,,,,,,,,,,,,,Na-Dene languages,,,,,,,
,,,,,,,,,,,,,,,,,,,,,,,,,,,,,,,,,,,,,,,,Yao,,,,,,,
,,,,,,,,,,,,,,,,,,,,,,,,,,,,,,,,,,,,,,,,Yapese,,,,,,,
,,,,,,,,,,,,,,,,,,,,,,,,,,,,,,,,,,,,,,,,Yiddish,,,,,,,
,,,,,,,,,,,,,,,,,,,,,,,,,,,,,,,,,,,,,,,,Yoruba,,,,,,,
,,,,,,,,,,,,,,,,,,,,,,,,,,,,,,,,,,,,,,,,Yupik languages,,,,,,,
,,,,,,,,,,,,,,,,,,,,,,,,,,,,,,,,,,,,,,,,Zapotec,,,,,,,
,,,,,,,,,,,,,,,,,,,,,,,,,,,,,,,,,,,,,,,,Blissymbols,,,,,,,
,,,,,,,,,,,,,,,,,,,,,,,,,,,,,,,,,,,,,,,,Zenaga,,,,,,,
,,,,,,,,,,,,,,,,,,,,,,,,,,,,,,,,,,,,,,,,Standard Moroccan Tamazight,,,,,,,
,,,,,,,,,,,,,,,,,,,,,,,,,,,,,,,,,,,,,,,,Zhuang,,,,,,,
,,,,,,,,,,,,,,,,,,,,,,,,,,,,,,,,,,,,,,,,Chinese,,,,,,,
,,,,,,,,,,,,,,,,,,,,,,,,,,,,,,,,,,,,,,,,Chinese (family),,,,,,,
,,,,,,,,,,,,,,,,,,,,,,,,,,,,,,,,,,,,,,,,East Slavic languages,,,,,,,
,,,,,,,,,,,,,,,,,,,,,,,,,,,,,,,,,,,,,,,,South Slavic languages,,,,,,,
,,,,,,,,,,,,,,,,,,,,,,,,,,,,,,,,,,,,,,,,West Slavic languages,,,,,,,
,,,,,,,,,,,,,,,,,,,,,,,,,,,,,,,,,,,,,,,,Zande languages,,,,,,,
,,,,,,,,,,,,,,,,,,,,,,,,,,,,,,,,,,,,,,,,Zulu,,,,,,,
,,,,,,,,,,,,,,,,,,,,,,,,,,,,,,,,,,,,,,,,Zuni,,,,,,,
,,,,,,,,,,,,,,,,,,,,,,,,,,,,,,,,,,,,,,,,No linguistic content,,,,,,,
,,,,,,,,,,,,,,,,,,,,,,,,,,,,,,,,,,,,,,,,Zaza,,,,,,,